Title,Time,Link
[C++ 프로그래밍] 0. 강의 소개 - (1),N/A,https://www.youtube.com/watch?v=wpk7AM6FPRc&list=PLMcUoebWMS1nzhlx-NbD4KBGEP1UCUDF_&index=1&pp=iAQB
[C++ 프로그래밍] 0. 강의 소개 - (2),N/A,https://www.youtube.com/watch?v=ibMSDw816-A&list=PLMcUoebWMS1nzhlx-NbD4KBGEP1UCUDF_&index=2&pp=iAQB
[C++ 프로그래밍] 0. 강의 소개 - (3),N/A,https://www.youtube.com/watch?v=YjxInhwgCbg&list=PLMcUoebWMS1nzhlx-NbD4KBGEP1UCUDF_&index=3&pp=iAQB
[C++ Programming] 1. Intro & Variable - (1) Compile and Linking,N/A,https://www.youtube.com/watch?v=wcvSwA2MBqw&list=PLMcUoebWMS1nzhlx-NbD4KBGEP1UCUDF_&index=4&pp=iAQB
[C++ Programming] 1. Intro & Variable - (2) Build Process and Errors,N/A,https://www.youtube.com/watch?v=FRQSI5a9y1k&list=PLMcUoebWMS1nzhlx-NbD4KBGEP1UCUDF_&index=5&pp=iAQB
[C++ Programming] 1. Intro & Variable - (3) Basic Components,N/A,https://www.youtube.com/watch?v=o3LLa3tRGvI&list=PLMcUoebWMS1nzhlx-NbD4KBGEP1UCUDF_&index=6&pp=iAQB
"[C++ Programming] 1. Intro & Variable - (4) Bit, Byte, Hex and Memory",N/A,https://www.youtube.com/watch?v=wJXlGgfPu8Y&list=PLMcUoebWMS1nzhlx-NbD4KBGEP1UCUDF_&index=7&pp=iAQB
[C++ Programming] 1. Intro & Variable - (5) Variable,N/A,https://www.youtube.com/watch?v=RahWq7wjhBY&list=PLMcUoebWMS1nzhlx-NbD4KBGEP1UCUDF_&index=8&pp=iAQB
[C++ Programming] 1. Intro & Variable - (6) Data Type and Const,N/A,https://www.youtube.com/watch?v=rFAXaonJSkc&list=PLMcUoebWMS1nzhlx-NbD4KBGEP1UCUDF_&index=9&pp=iAQB
[C++ Programming] 2. Basic Syntax & Debugging - (1) Array,N/A,https://www.youtube.com/watch?v=oDwfetWn7NQ&list=PLMcUoebWMS1nzhlx-NbD4KBGEP1UCUDF_&index=10&pp=iAQB
"[C++ Programming] 2. Basic Syntax & Debugging - (2) Array, cont'd",N/A,https://www.youtube.com/watch?v=R7y6ZiuVj5Y&list=PLMcUoebWMS1nzhlx-NbD4KBGEP1UCUDF_&index=11&pp=iAQB
[C++ Programming] 2. Basic Syntax & Debugging - (3) Statements and Operators,N/A,https://www.youtube.com/watch?v=Tir-wgcIKFU&list=PLMcUoebWMS1nzhlx-NbD4KBGEP1UCUDF_&index=12&pp=iAQB
[C++ Programming] 2. Basic Syntax & Debugging - (4) Conditional and Loop Statements,N/A,https://www.youtube.com/watch?v=BwHWniBLqRc&list=PLMcUoebWMS1nzhlx-NbD4KBGEP1UCUDF_&index=13&pp=iAQB
[C++ Programming] 2. Basic Syntax & Debugging - (5) Debugging in Visual Studio,N/A,https://www.youtube.com/watch?v=pyV6YhYTgTY&list=PLMcUoebWMS1nzhlx-NbD4KBGEP1UCUDF_&index=14&pp=iAQB
[C++ Programming] 3. Function - (1) Definition,N/A,https://www.youtube.com/watch?v=DsIGDTmHspE&list=PLMcUoebWMS1nzhlx-NbD4KBGEP1UCUDF_&index=15&pp=iAQB
"[C++ Programming] 3. Function - (2) Prototype, Parameter",N/A,https://www.youtube.com/watch?v=kwQU4SeLZns&list=PLMcUoebWMS1nzhlx-NbD4KBGEP1UCUDF_&index=16&pp=iAQB
"[C++ Programming] 3. Function - (3) Return, Default Parameter, Overloading",N/A,https://www.youtube.com/watch?v=J8Bkh-jqqHg&list=PLMcUoebWMS1nzhlx-NbD4KBGEP1UCUDF_&index=17&pp=iAQB
[C++ Programming] 3. Function - (4) Function Call Stack,N/A,https://www.youtube.com/watch?v=JlmPIGiFrLs&list=PLMcUoebWMS1nzhlx-NbD4KBGEP1UCUDF_&index=18&pp=iAQB
"[C++ Programming] 3. Function - (5) Passing Array, Pass-by-Reference",N/A,https://www.youtube.com/watch?v=Q2rUqMXfs2A&list=PLMcUoebWMS1nzhlx-NbD4KBGEP1UCUDF_&index=19&pp=iAQB
"[C++ Programming] 3. Function - (6) Inline, Recursion and Summary",N/A,https://www.youtube.com/watch?v=vuXuCCXvZQg&list=PLMcUoebWMS1nzhlx-NbD4KBGEP1UCUDF_&index=20&pp=iAQB
[C++ Programming] 4. Pointer & Reference - (1) Introduction,N/A,https://www.youtube.com/watch?v=CcuhhF76Qmw&list=PLMcUoebWMS1nzhlx-NbD4KBGEP1UCUDF_&index=21&pp=iAQB
[C++ Programming] 4. Pointer & Reference - (2) Dereferencing,N/A,https://www.youtube.com/watch?v=aJ7oMCVW0z0&list=PLMcUoebWMS1nzhlx-NbD4KBGEP1UCUDF_&index=22&pp=iAQB
[C++ Programming] 4. Pointer & Reference - (3) Dynamic Allocation,N/A,https://www.youtube.com/watch?v=N3rEzeCxBOs&list=PLMcUoebWMS1nzhlx-NbD4KBGEP1UCUDF_&index=23&pp=iAQB
"[C++ Programming] 4. Pointer & Reference - (4) Array vs Pointer, Const",N/A,https://www.youtube.com/watch?v=1g4KLKS6AP0&list=PLMcUoebWMS1nzhlx-NbD4KBGEP1UCUDF_&index=24&pp=iAQB
[C++ Programming] 4. Pointer & Reference - (5) Passing and Returning Pointer,N/A,https://www.youtube.com/watch?v=PpHH4XyoNgw&list=PLMcUoebWMS1nzhlx-NbD4KBGEP1UCUDF_&index=25&pp=iAQB
[C++ Programming] 4. Pointer & Reference - (6) Reference,N/A,https://www.youtube.com/watch?v=MxNGGdXin14&list=PLMcUoebWMS1nzhlx-NbD4KBGEP1UCUDF_&index=26&pp=iAQB
"[C++ Programming] 4. Pointer & Reference - (7) Pointer vs Reference, Summary",N/A,https://www.youtube.com/watch?v=w-LOogaQ01I&list=PLMcUoebWMS1nzhlx-NbD4KBGEP1UCUDF_&index=27&pp=iAQB
[C++ Programming] 5. OOP - (1) Introduction,N/A,https://www.youtube.com/watch?v=bkaG9c3_P5g&list=PLMcUoebWMS1nzhlx-NbD4KBGEP1UCUDF_&index=28&pp=iAQB
[C++ Programming] 5. OOP - (2) Class & Object,N/A,https://www.youtube.com/watch?v=BL0qzWC8I24&list=PLMcUoebWMS1nzhlx-NbD4KBGEP1UCUDF_&index=29&pp=iAQB
[C++ Programming] 5. OOP - (3) Member Access Modifier,N/A,https://www.youtube.com/watch?v=i3Q_GBBFncA&list=PLMcUoebWMS1nzhlx-NbD4KBGEP1UCUDF_&index=30&pp=iAQB
[C++ Programming] 5. OOP - (4) Member Function,N/A,https://www.youtube.com/watch?v=gvQBpKA2ObA&list=PLMcUoebWMS1nzhlx-NbD4KBGEP1UCUDF_&index=31&pp=iAQB
[C++ Programming] 5. OOP - (5) Constructor & Destructor,N/A,https://www.youtube.com/watch?v=-hzrrt-5iec&list=PLMcUoebWMS1nzhlx-NbD4KBGEP1UCUDF_&index=32&pp=iAQB
[C++ Programming] 5. OOP - (6) Constructor Overloading,N/A,https://www.youtube.com/watch?v=jCXPnkZ0LxQ&list=PLMcUoebWMS1nzhlx-NbD4KBGEP1UCUDF_&index=33&pp=iAQB
"[C++ Programming] 5. OOP, Pt2 - (1) Introduction",N/A,https://www.youtube.com/watch?v=MLAnRWYvGlE&list=PLMcUoebWMS1nzhlx-NbD4KBGEP1UCUDF_&index=34&pp=iAQB
"[C++ Programming] 5. OOP, Pt2 - (2) Copy Constructor",N/A,https://www.youtube.com/watch?v=AF7tAZEzL7U&list=PLMcUoebWMS1nzhlx-NbD4KBGEP1UCUDF_&index=35&pp=iAQB
"[C++ Programming] 5. OOP, Pt2 - (3) Default Copy Constructor",N/A,https://www.youtube.com/watch?v=_RZ1by7WEq4&list=PLMcUoebWMS1nzhlx-NbD4KBGEP1UCUDF_&index=36&pp=iAQB
"[C++ Programming] 5. OOP, Pt2 - (4) Shallow and Deep Copy, this",N/A,https://www.youtube.com/watch?v=WXMCxlQtA-w&list=PLMcUoebWMS1nzhlx-NbD4KBGEP1UCUDF_&index=37&pp=iAQB
"[C++ Programming] 5. OOP, Pt2 - (5) const, static",N/A,https://www.youtube.com/watch?v=oLjYhGg4uFI&list=PLMcUoebWMS1nzhlx-NbD4KBGEP1UCUDF_&index=38&pp=iAQB
"[C++ Programming] 5. OOP, Pt2 - (6) friend, summary",N/A,https://www.youtube.com/watch?v=ENiEK5ZWE1M&list=PLMcUoebWMS1nzhlx-NbD4KBGEP1UCUDF_&index=39&pp=iAQB
[C++ Programming] 6. Inheritance - (1) Example,N/A,https://www.youtube.com/watch?v=k_1qcpFjpms&list=PLMcUoebWMS1nzhlx-NbD4KBGEP1UCUDF_&index=40&pp=iAQB
[C++ Programming] 6. Inheritance - (2) Introduction,N/A,https://www.youtube.com/watch?v=yEnlUsLseyM&list=PLMcUoebWMS1nzhlx-NbD4KBGEP1UCUDF_&index=41&pp=iAQB
[C++ Programming] 6. Inheritance - (3) Derived Class,N/A,https://www.youtube.com/watch?v=pWzIvnH1n9M&list=PLMcUoebWMS1nzhlx-NbD4KBGEP1UCUDF_&index=42&pp=iAQB
[C++ Programming] 6. Inheritance - (4) Protected specifier,N/A,https://www.youtube.com/watch?v=7zjvmceonXg&list=PLMcUoebWMS1nzhlx-NbD4KBGEP1UCUDF_&index=43&pp=iAQB
[C++ Programming] 6. Inheritance - (5) Constructor and Destructor,N/A,https://www.youtube.com/watch?v=l8DZiaJJ2oA&list=PLMcUoebWMS1nzhlx-NbD4KBGEP1UCUDF_&index=44&pp=iAQB
[C++ Programming] 6. Inheritance - (6) Passing Arguments to Base Class Constructor,N/A,https://www.youtube.com/watch?v=tY25DA6u7zk&list=PLMcUoebWMS1nzhlx-NbD4KBGEP1UCUDF_&index=45&pp=iAQB
[C++ Programming] 6. Inheritance - (7) Copy Constructor,N/A,https://www.youtube.com/watch?v=qkEdZxQn9KM&list=PLMcUoebWMS1nzhlx-NbD4KBGEP1UCUDF_&index=46&pp=iAQB
[C++ Programming] 6. Inheritance - (8) Using Member,N/A,https://www.youtube.com/watch?v=HgInzReyc2Y&list=PLMcUoebWMS1nzhlx-NbD4KBGEP1UCUDF_&index=47&pp=iAQB
[C++ Programming] 6. Inheritance - (9) Summary,N/A,https://www.youtube.com/watch?v=Akm5IxdHeoM&list=PLMcUoebWMS1nzhlx-NbD4KBGEP1UCUDF_&index=48&pp=iAQB
[C++ Programming] 7. Polymorphism - (1) Introduction,N/A,https://www.youtube.com/watch?v=9oieYn0IaQ4&list=PLMcUoebWMS1nzhlx-NbD4KBGEP1UCUDF_&index=49&pp=iAQB
[C++ Programming] 7. Polymorphism - (2) Dynamic Binding & Virtual Function,N/A,https://www.youtube.com/watch?v=hAkOCT9Z-oc&list=PLMcUoebWMS1nzhlx-NbD4KBGEP1UCUDF_&index=50&pp=iAQB
[C++ Programming] 7. Polymorphism - (3) Base Class Pointer & Reference,N/A,https://www.youtube.com/watch?v=KEu4o8xF7AU&list=PLMcUoebWMS1nzhlx-NbD4KBGEP1UCUDF_&index=51&pp=iAQB
[C++ Programming] 7. Polymorphism - (4) override & final Specifier,N/A,https://www.youtube.com/watch?v=ibzD79klgvg&list=PLMcUoebWMS1nzhlx-NbD4KBGEP1UCUDF_&index=52&pp=iAQB
[C++ Programming] 7. Polymorphism - (5) Pure Virtual Function & Abstract Class,N/A,https://www.youtube.com/watch?v=u8A7pKEfy0M&list=PLMcUoebWMS1nzhlx-NbD4KBGEP1UCUDF_&index=53&pp=iAQB
[C++ Programming] 7. Polymorphism - (6) Interface,N/A,https://www.youtube.com/watch?v=4ITYJbxgl1U&list=PLMcUoebWMS1nzhlx-NbD4KBGEP1UCUDF_&index=54&pp=iAQB
[C++ Programming] 8. Operator Overloading - (1) Introduction,N/A,https://www.youtube.com/watch?v=S6MkdRzJjjg&list=PLMcUoebWMS1nzhlx-NbD4KBGEP1UCUDF_&index=55&pp=iAQB
"[C++ Programming] 8. Operator Overloading - (2) Binary operator overloading, as a member function",N/A,https://www.youtube.com/watch?v=wPBVXJLwWE8&list=PLMcUoebWMS1nzhlx-NbD4KBGEP1UCUDF_&index=56&pp=iAQB
"[C++ Programming] 8. Operator Overloading - (3) Unary operator overloading, as a member function",N/A,https://www.youtube.com/watch?v=SJlIg2LJ7NE&list=PLMcUoebWMS1nzhlx-NbD4KBGEP1UCUDF_&index=57&pp=iAQB
"[C++ Programming] 8. Operator Overloading - (4) Operator overloading, as a global function",N/A,https://www.youtube.com/watch?v=s_UdO2fofSw&list=PLMcUoebWMS1nzhlx-NbD4KBGEP1UCUDF_&index=58&pp=iAQB
[C++ Programming] 8. Operator Overloading - (5) Ostream object,N/A,https://www.youtube.com/watch?v=IWN93YZdBvY&list=PLMcUoebWMS1nzhlx-NbD4KBGEP1UCUDF_&index=59&pp=iAQB
[C++ Programming] 8. Operator Overloading - (6) Stream insertion & extraction overloading,N/A,https://www.youtube.com/watch?v=wWmgMQlyp58&list=PLMcUoebWMS1nzhlx-NbD4KBGEP1UCUDF_&index=60&pp=iAQB
"[C++ Programming] 8. Operator Overloading - (7) Assignment operator, shallow",N/A,https://www.youtube.com/watch?v=WIdO-LEGXGE&list=PLMcUoebWMS1nzhlx-NbD4KBGEP1UCUDF_&index=61&pp=iAQB
"[C++ Programming] 8. Operator Overloading - (8) Assignment operator, deep",N/A,https://www.youtube.com/watch?v=FIZtPkqQ1Ps&list=PLMcUoebWMS1nzhlx-NbD4KBGEP1UCUDF_&index=62&pp=iAQB
[C++ Programming] 8. Operator Overloading - (9) Subscript operator overloading,N/A,https://www.youtube.com/watch?v=G09ag57LmUE&list=PLMcUoebWMS1nzhlx-NbD4KBGEP1UCUDF_&index=63&pp=iAQB
[C++ Programming] 8. Operator Overloading - (10) Preventing copy & summary,N/A,https://www.youtube.com/watch?v=k5GxkrfsFNw&list=PLMcUoebWMS1nzhlx-NbD4KBGEP1UCUDF_&index=64&pp=iAQB
[C++ Programming] 9. Generic Programming - (1) Introduction,N/A,https://www.youtube.com/watch?v=nn-CVFRfuyE&list=PLMcUoebWMS1nzhlx-NbD4KBGEP1UCUDF_&index=65&pp=iAQB
[C++ Programming] 9. Generic Programming - (2) Using Macro,N/A,https://www.youtube.com/watch?v=AIr0eZ-8XzY&list=PLMcUoebWMS1nzhlx-NbD4KBGEP1UCUDF_&index=66&pp=iAQB
[C++ Programming] 9. Generic Programming - (3) Using Function Template,N/A,https://www.youtube.com/watch?v=EGEV7oDQo2c&list=PLMcUoebWMS1nzhlx-NbD4KBGEP1UCUDF_&index=67&pp=iAQB
[C++ Programming] 9. Generic Programming - (4) Template Argument & Specialization,N/A,https://www.youtube.com/watch?v=amusCkEpX3E&list=PLMcUoebWMS1nzhlx-NbD4KBGEP1UCUDF_&index=68&pp=iAQB
[C++ Programming] 9. Generic Programming - (5) Using Class Template,N/A,https://www.youtube.com/watch?v=NJONOHTf6iY&list=PLMcUoebWMS1nzhlx-NbD4KBGEP1UCUDF_&index=69&pp=iAQB
[C++ Programming] 9. Generic Programming - (6) Non-type Template Argument,N/A,https://www.youtube.com/watch?v=sMt6KRA-XGI&list=PLMcUoebWMS1nzhlx-NbD4KBGEP1UCUDF_&index=70&pp=iAQB
[C++ Programming] 10. STL - (1) Introduction,N/A,https://www.youtube.com/watch?v=4HHmOKIxVlQ&list=PLMcUoebWMS1nzhlx-NbD4KBGEP1UCUDF_&index=71&pp=iAQB
[C++ Programming] 10. STL - (2) Container,N/A,https://www.youtube.com/watch?v=nLq3IdcM1bU&list=PLMcUoebWMS1nzhlx-NbD4KBGEP1UCUDF_&index=72&pp=iAQB
[C++ Programming] 10. STL - (3) Iterator,N/A,https://www.youtube.com/watch?v=VjN9RWJQ8dU&list=PLMcUoebWMS1nzhlx-NbD4KBGEP1UCUDF_&index=73&pp=iAQB
[C++ Programming] 10. STL - (4) Iterator Operator,N/A,https://www.youtube.com/watch?v=MIyslDM1-8A&list=PLMcUoebWMS1nzhlx-NbD4KBGEP1UCUDF_&index=74&pp=iAQB
[C++ Programming] 10. STL - (5) Algorithm,N/A,https://www.youtube.com/watch?v=gXwgdg9PJwk&list=PLMcUoebWMS1nzhlx-NbD4KBGEP1UCUDF_&index=75&pp=iAQB
"[C++ Programming] 10. STL - (6) Functor, Function Pointer & Lambda Expression",N/A,https://www.youtube.com/watch?v=K9Da8FICTHs&list=PLMcUoebWMS1nzhlx-NbD4KBGEP1UCUDF_&index=76&pp=iAQB
[C++ Programming] 10. STL - (7) STL Container - Array,N/A,https://www.youtube.com/watch?v=o8rY0zqxuME&list=PLMcUoebWMS1nzhlx-NbD4KBGEP1UCUDF_&index=77&pp=iAQB
[C++ Programming] 10. STL - (8) STL Container - Vector,N/A,https://www.youtube.com/watch?v=CI7LD0Tl-qg&list=PLMcUoebWMS1nzhlx-NbD4KBGEP1UCUDF_&index=78&pp=iAQB
[C++ Programming] 10. STL - (9) STL Container - List,N/A,https://www.youtube.com/watch?v=r_zhu4Spm6k&list=PLMcUoebWMS1nzhlx-NbD4KBGEP1UCUDF_&index=79&pp=iAQB
[C++ Programming] 10. STL - (10) STL Container - Set,N/A,https://www.youtube.com/watch?v=iTj7Np-ao1I&list=PLMcUoebWMS1nzhlx-NbD4KBGEP1UCUDF_&index=80&pp=iAQB
[C++ Programming] 10. STL - (11) STL Container - Map,N/A,https://www.youtube.com/watch?v=PL5nPwPgAWA&list=PLMcUoebWMS1nzhlx-NbD4KBGEP1UCUDF_&index=81&pp=iAQB
[C++ Programming] 10. STL - (12) Summary,N/A,https://www.youtube.com/watch?v=WkAB9VwFGt8&list=PLMcUoebWMS1nzhlx-NbD4KBGEP1UCUDF_&index=82&pp=iAQB
[C++ Programming] Wrap up - Final Summary,N/A,https://www.youtube.com/watch?v=CytKxMn8hao&list=PLMcUoebWMS1nzhlx-NbD4KBGEP1UCUDF_&index=83&pp=iAQB
[C++ Programming] Wrap up - Additional Materials,N/A,https://www.youtube.com/watch?v=FqYH1GILVUU&list=PLMcUoebWMS1nzhlx-NbD4KBGEP1UCUDF_&index=84&pp=iAQB
